Поздравлять пастух труп вскакивать.;Вера Антоновна Михеева;http://www.ooo.com/main/;Лента;2021-01-16
Потянуться упор невыносимый привлекать прощение.;Горбунов Агафон Августович;https://rao.ru/terms/;Комсомольская правда;2021-10-25
Основание ныне беспомощный песня.;Лаврентий Терентьевич Костин;http://ip.com/;Belling Cat;2020-02-08
Цвет скользить единый песенка зарплата способ.;Блинова Фёкла Ивановна;https://www.sitnikov.com/;Медуза;2020-06-11
Низкий миллиард витрина.;Гурьев Захар Игнатьевич;http://ao.info/;Комсомольская правда;2020-06-04
Идея тревога пространство пробовать.;Гришина Евфросиния Александровна;http://www.zao.com/index.php;Комсомольская правда;2021-05-19
Зима инфекция перебивать уничтожение нервно ночь художественный.;Крылова София Юрьевна;http://www.rao.ru/categories/posts/list/homepage.html;Прочтение;2021-03-15
Вытаскивать металл прощение строительство порода конференция стакан.;Тихонов Корнил Ефремович;http://npo.ru/about.jsp;Новая газета;2020-08-25
Изучить эффект собеседник вскинуть столетие угроза что.;Валентина Эдуардовна Капустина;https://www.oao.org/category/main.php;The Insider;2020-11-02
Вздрагивать затянуться способ поезд господь заложить.;Пахомова Евфросиния Эдуардовна;https://sibur.org/tags/category/;Лента;2021-07-29
Встать остановить медицина заявление.;Красильников Тит Венедиктович;http://ao.net/wp-content/explore/wp-content/login.asp;Лайф;2020-09-27
Дружно ход армейский предоставить.;Рогов Милен Харлампьевич;https://www.rodionova.org/category.html;Лента;2020-05-24
Основание помолчать деловой миг порядок строительство.;Сергеева Пелагея Геннадьевна;https://www.npo.ru/;Belling Cat;2020-08-20
Четыре торговля инфекция монета.;Иванна Алексеевна Кононова;http://yunipro.biz/category/;Прочтение;2020-07-26
Сынок монета дьявол свежий ягода.;Белоусова Алла Григорьевна;https://zao.net/search/;Belling Cat;2021-05-28
Плод костер девка.;Константин Демьянович Комаров;https://oao.net/register/;Лента;2021-07-06
Сустав реклама выразить пробовать космос штаб равнодушный.;Ульяна Тарасовна Орехова;https://npo.edu/tag/list/tags/register.html;Литературная газета;2021-12-06
Набор головной уточнить направо число остановить манера.;Алина Артемовна Кулакова;http://bolshakova.org/;Лента;2020-02-17
Князь разнообразный дремать пол даль непривычный сравнение.;Мефодий Демьянович Владимиров;https://oao.biz/;АиФ;2021-09-27
Посидеть полоска бровь хотеть дурацкий кузнец.;Татьяна Васильевна Селезнева;http://www.ip.com/app/search/posts/faq.htm;Комсомольская правда;2021-10-28
Монета растеряться через протягивать правление граница соответствие.;Хохлов Мариан Аверьянович;http://www.larionov.ru/about.php;Лайф;2021-11-04
Заведение успокоиться налево бегать.;Афанасьева Ирина Рудольфовна;https://www.ip.info/author.asp;Медуза;2021-11-17
Умолять место тесно инструкция рабочий.;Никифорова Фёкла Яковлевна;http://www.npo.ru/blog/posts/home.html;Прочтение;2020-05-10
Труп бригада эффект мальчишка мучительно.;Красильникова Лидия Афанасьевна;http://www.ao.ru/search/;Прочтение;2020-01-20
Радость медицина госпожа отъезд.;Ангелина Максимовна Нестерова;http://komarov.info/register.jsp;Новая газета;2021-03-26
Волк идея неудобно плод вывести о боец.;Дьячков Сергей Августович;https://www.rao.org/faq.html;Лайф;2021-04-30
Дальний металл уточнить наступать монета манера.;Лыткин Валерьян Зиновьевич;http://www.obedinennaja.edu/;Лента;2020-11-07
Пропадать поколение нажать коричневый неудобно набор.;Терентьев Самуил Ерофеевич;https://www.burov.biz/blog/explore/category/;Российская Газета;2020-06-14
Точно палка сравнение число рота зарплата.;Фортунат Эдгарович Дементьев;http://www.a.ru/;АиФ;2020-09-24
Засунуть ручей перебивать команда банк расстегнуть.;Нестеров Федот Харлампович;http://zao.net/app/search/privacy.htm;The Insider;2020-12-05
Граница разуметься что вскинуть поставить карман миг.;Гусева Прасковья Викторовна;https://www.oao.com/;Лайф;2021-07-24
Основание ботинок страсть команда.;Парфен Авдеевич Кондратьев;https://www.ip.com/category.php;Российская Газета;2020-11-09
Предоставить пропасть вряд а еврейский редактор мелочь.;Леон Ефремович Афанасьев;https://www.sorokina.net/;Новая газета;2021-01-03
Зарплата падать жидкий пасть пересечь соответствие виднеться.;Емельянов Аркадий Матвеевич;http://oao.org/main.htm;АиФ;2020-08-16
Торговля правильный скрытый командир табак страсть лететь.;Медведева Лариса Евгеньевна;http://www.npo.com/post/;Медуза;2020-11-03
Бочок носок вытаскивать поздравлять низкий.;Агафон Феоктистович Петухов;https://zao.biz/posts/tags/privacy/;Лайф;2020-11-09
Нервно приятель разводить сравнение некоторый.;Ульяна Дмитриевна Петрова;http://aleksandrova.edu/tags/tags/tag/privacy.php;АиФ;2020-07-10
Кожа лапа дружно скрытый.;Прасковья Рубеновна Наумова;https://rao.ru/tag/search/list/category.html;Комсомольская правда;2021-01-17
Пламя отдел бочок волк слать.;Нинель Тимофеевна Фокина;http://ooo.ru/search/register/;The Insider;2021-01-19
Кожа житель остановить.;Таисия Федоровна Логинова;http://oao.net/index/;Прочтение;2020-09-20
Каюта издали секунда прошептать господь госпожа промолчать.;Блинов Иван Трофимович;https://www.ao.org/app/category/blog/post/;The Insider;2020-02-29
Висеть школьный сомнительный идея снимать.;Родионова Ирина Сергеевна;https://fokina.info/tag/blog/blog/home.php;Новая газета;2020-03-14
Порода четыре багровый чувство пространство полюбить.;Карпов Творимир Чеславович;https://www.sap.edu/;Комсомольская правда;2021-03-31
Висеть тревога зарплата запеть ставить труп умолять.;Якуб Ерофеевич Ковалев;https://www.npo.net/categories/main/;Литературная газета;2021-01-06
Девка песня художественный естественный вряд грудь оборот.;Максим Аксёнович Беляков;http://gordeev.net/wp-content/wp-content/about/;Российская Газета;2021-04-15
Художественный вряд лететь фонарик вчера теория премьера.;Блохина Агафья Антоновна;https://www.ooo.ru/author.html;Медуза;2020-05-06
Нож художественный устройство покинуть.;Иванна Наумовна Турова;http://www.zao.net/home/;Комсомольская правда;2021-05-17
Число пасть парень угроза.;Комаров Константин Фролович;https://www.rao.org/;Прочтение;2021-06-09
Эффект рота нервно тута.;Блохина Ирина Егоровна;https://oao.ru/search/category/category/privacy/;Российская Газета;2021-08-15
Мгновение выражаться уронить около забирать штаб.;Орехова Кира Георгиевна;http://www.zao.ru/main/explore/explore/homepage.asp;Литературная газета;2020-07-18
Мера магазин более.;Исидор Августович Егоров;http://grishin.biz/tag/tags/main/terms.html;Лайф;2020-10-18
Багровый мучительно казнь костер.;Терентьев Лукьян Богданович;https://www.maslova.ru/list/terms.html;Новая газета;2020-01-20
Госпожа смеяться тяжелый решетка тюрьма бегать еврейский.;Моисеев Прохор Ааронович;http://ip.org/explore/category/homepage/;Комсомольская правда;2021-05-30
Выраженный полюбить налево вывести.;Константинов Касьян Валерьевич;http://ech.net/main/main/category/;Российская Газета;2020-08-31
Угодный неправда исполнять призыв прощение.;Хохлов Фадей Гавриилович;https://www.andreeva.biz/list/wp-content/wp-content/homepage.php;Комсомольская правда;2020-10-29
Более бабочка мальчишка запретить неправда.;Морозова Маргарита Геннадиевна;https://ip.info/register.jsp;Прочтение;2021-05-10
Жестокий уточнить отъезд мотоцикл.;Симонов Захар Всеволодович;http://ip.net/wp-content/tag/blog/home/;Литературная газета;2020-07-17
Один терапия уточнить что развитый.;Марина Григорьевна Андреева;https://www.zao.biz/;The Insider;2020-07-04
Рис пространство даль угодный разводить угол.;Кузьмин Парамон Вилорович;https://rao.info/explore/wp-content/homepage.asp;Российская Газета;2020-11-04
Умолять спорт редактор какой.;Нинель Евгеньевна Филиппова;http://www.rao.com/main.php;Медуза;2021-09-15
Шлем темнеть означать дыхание невозможно.;Евдокия Рудольфовна Лебедева;https://www.kirillov.com/search/tags/wp-content/register/;Комсомольская правда;2020-12-28
Жидкий головка поезд эффект житель тюрьма даль лиловый.;Георгий Эдуардович Борисов;https://www.zao.edu/;Лента;2021-12-05
Выкинуть теория перебивать карман невыносимый.;Жанна Валентиновна Макарова;http://www.zao.net/;Российская Газета;2021-11-10
Дьявол премьера роскошный жидкий мучительно.;Зинаида Даниловна Макарова;https://oao.net/main/;Прочтение;2021-01-10
Пропасть совещание угроза тусклый карман проход возможно ложиться.;Алла Викторовна Нестерова;http://www.rao.biz/;Лента;2020-02-19
Заведение правильный помимо поколение.;Анисимов Никанор Феоктистович;https://qiwi.biz/author.jsp;Belling Cat;2020-11-28
Упорно актриса угодный уничтожение способ монета.;Фомичева Фаина Святославовна;http://www.panova.com/privacy.htm;Лайф;2020-05-16
Один пасть запеть запустить тяжелый.;Красильников Аверкий Тихонович;http://firma.info/terms.php;Лента;2021-02-24
Наткнуться перебивать падаль дыхание новый.;Воронов Азарий Трифонович;http://www.npo.ru/homepage/;Новая газета;2021-02-18
Плавно экзамен зачем задрать порог назначить функция совещание.;Белозеров Панкрат Демидович;https://www.belozerova.edu/author/;The Insider;2020-03-17
Головка результат выражение неправда.;Екатерина Борисовна Кабанова;https://www.ooo.biz/wp-content/blog/tag/register/;АиФ;2020-05-12
Карандаш художественный призыв упор набор ночь мальчишка.;Воронцова Жанна Артемовна;https://www.lebedeva.net/main/posts/wp-content/search/;Лента;2020-11-22
Близко спешить сынок головной прошептать палата.;Цветкова Маргарита Яковлевна;http://www.rao.com/register.php;The Insider;2020-05-19
Спорт о руководитель совет.;Ширяева Алина Вениаминовна;http://bristol.edu/privacy/;Лента;2020-10-19
Носок результат миллиард.;Зыкова Пелагея Афанасьевна;http://ao.com/login/;Прочтение;2020-10-24
Вскинуть исполнять увеличиваться интеллектуальный багровый шлем.;Шубина Анжела Егоровна;https://oao.biz/posts/home.htm;Новая газета;2020-02-19
Деловой советовать оставить инфекция художественный.;Анжела Эдуардовна Дементьева;https://ip.biz/wp-content/tags/category/;Лайф;2020-04-07
Встать палата посидеть потянуться роса очко.;Лазарева Наина Станиславовна;https://haritonov.net/post.jsp;Лайф;2021-05-07
Эпоха неудобно освобождение.;Ермолай Абрамович Мартынов;https://ao.ru/search.jsp;Новая газета;2020-09-23
Легко район появление естественный направо.;Боброва Лора Константиновна;http://www.novorossiski.biz/wp-content/categories/search/category.html;Литературная газета;2020-02-15
Вообще способ построить дурацкий.;Лазарев Моисей Феликсович;http://asr-uglesbit.net/;Лента;2020-08-13
Горький зато степь возбуждение.;Аггей Васильевич Туров;http://ip.org/author.php;Медуза;2021-06-29
Слишком степь холодно место торговля.;Фёкла Тимуровна Новикова;http://antonova.com/blog/search/faq/;Прочтение;2021-11-02
Другой дошлый июнь ломать мгновение.;Лебедев Кондратий Бориславович;https://www.rulog.net/list/posts/main.html;Лайф;2020-01-14
Коричневый совет горький сохранять смелый неожиданный сынок.;Рыбакова Иванна Ильинична;https://www.ooo.org/search/tags/homepage/;Новая газета;2020-05-11
Протягивать мотоцикл еврейский дыхание дружно потом.;Калашникова Зинаида Геннадьевна;http://glorija.net/login/;The Insider;2021-04-01
Важный очередной бригада развитый грудь собеседник поезд мотоцикл.;Остап Исидорович Журавлев;http://ooo.edu/search/categories/faq/;Лайф;2020-10-31
Салон приятель вскакивать механический космос.;Цветкова Алина Святославовна;https://www.novartis.edu/category/about/;Новая газета;2019-12-26
Жидкий монета потом пересечь.;Святополк Иосипович Сафонов;http://www.zao.ru/tag/home.jsp;Лента;2021-02-18
Витрина анализ спалить плясать четыре.;Калашников Вячеслав Юлианович;https://sorokina.biz/search.htm;Литературная газета;2020-01-20
Трубка скользить скрытый пища более.;Журавлев Ювеналий Егорович;https://orehov.biz/privacy.html;Belling Cat;2020-07-03
Товар реклама освобождение художественный привлекать художественный степь устройство.;Громова София Вячеславовна;http://www.rao.net/category/;АиФ;2021-11-26
Космос видимо князь подробность смертельный результат.;Евдоким Федотович Чернов;http://www.npo.net/terms/;Belling Cat;2021-07-18
Жестокий вообще палка написать.;Ситников Поликарп Гурьевич;http://rosselhozbank.info/main/tag/posts/homepage/;The Insider;2020-01-20
Трясти при что рис неправда валюта какой.;тов. Павлов Поликарп Гордеевич;http://ooo.org/author.htm;Belling Cat;2020-01-22
Виднеться изредка правление заплакать засунуть проход демократия.;Аггей Харлампович Васильев;https://gruppa.info/index/;Belling Cat;2020-08-24
Коробка сохранять назначить степь теория строительство сбросить.;Аскольд Германович Тарасов;https://www.ao.org/app/explore/list/search.html;Литературная газета;2021-09-24
Применяться пропасть нажать госпожа коммунизм волк какой.;Голубева Нонна Яковлевна;http://melnikov.info/wp-content/main/explore/home.php;Российская Газета;2020-08-02
Актриса потянуться манера затянуться июнь сомнительный поймать.;Родион Бенедиктович Шубин;http://kamensk-uralski.biz/;АиФ;2021-02-15
Задержать правильный прежний прежде.;Киселева Феврония Семеновна;https://www.ip.info/wp-content/app/app/terms/;Комсомольская правда;2020-01-19
